System,HIT@10,MRR@10,MAP@10
ecf,0.7757685353,0.5254585378,0.4914055768
eclipse.jdt.core,0.8088978766,0.555750959,0.5136824506
eclipse.jt.debug,0.6947935368,0.4567987518,0.4368657714
eclipse.jdt.ui,0.7103139013,0.4706712222,0.4417797985
eclipse.pde.ui,0.6731651376,0.4083123999,0.3829300822
tomcat70,0.8138651472,0.5910708633,0.5663602987
,,,
AVG,0.7461,0.5013,0.4722
Reported (paper),0.7452,0.5,0.4713
Diff,0.0009,0.0013,0.0009
